{"loss": 0.056841425597667694, "grad_norm": 0.02032521367073059, "lr": 2.16e-06, "_timestamp": 1707817782.8401654, "_runtime": 275.4150004386902, "_step": 26}