{"loss": 0.060877591371536255, "grad_norm": 0.02144043520092964, "lr": 2.0000000000000003e-06, "_timestamp": 1707817167.2419019, "_runtime": 203.52379179000854, "_step": 24}