{"loss": 0.07071379572153091, "grad_norm": 0.016180681064724922, "lr": 2e-05, "_timestamp": 1707816506.6304374, "_runtime": 83743.2775323391, "_step": 15709}