{"loss": 0.05100758746266365, "grad_norm": 0.010640083812177181, "lr": 2e-05, "_timestamp": 1707812375.463713, "_runtime": 79612.11080789566, "_step": 14939}