{"loss": NaN, "grad_norm": NaN, "lr": 2.3200000000000002e-06, "_timestamp": 1707817436.114197, "_runtime": 204.39656400680542, "_step": 28}