{"_wandb": {"runtime": 115}, "loss": 0.07941298186779022, "grad_norm": 0.041485946625471115, "lr": 1.6e-07, "_timestamp": 1707361687.4091413, "_runtime": 107.07770824432373, "_step": 0}