{"loss": 0.0679825097322464, "grad_norm": 0.01668366603553295, "lr": 1.4142135623730953e-05, "_timestamp": 1707720691.4553819, "_runtime": 321823.6178159714, "_step": 35590}