{"loss": 0.054581936448812485, "grad_norm": 0.014662511646747589, "lr": 1.4142135623730953e-05, "_timestamp": 1707812367.2539394, "_runtime": 413499.4163734913, "_step": 45266}