{"loss": 0.05134686082601547, "grad_norm": 0.016635779291391373, "lr": 1.4142135623730953e-05, "_timestamp": 1707912953.7498157, "_runtime": 514085.91224980354, "_step": 55803}