{"loss": NaN, "grad_norm": NaN, "lr": 3.3600000000000004e-06, "_timestamp": 1707816900.7399812, "_runtime": 274.9743402004242, "_step": 41}