{"loss": 0.051049552857875824, "grad_norm": 0.010536898858845234, "lr": 4e-05, "_timestamp": 1707812345.826768, "_runtime": 448233.60359692574, "_step": 23151}