{"loss": 0.06639690697193146, "grad_norm": 0.028700752183794975, "lr": 1.0182337649086285e-06, "_timestamp": 1707362643.8801718, "_runtime": 277.0616207122803, "_step": 17}