{"loss": 0.05565885081887245, "grad_norm": 0.02549680508673191, "lr": 2e-05, "_timestamp": 1708050311.1642928, "_runtime": 217582.4728667736, "_step": 40855}