{"loss": 0.07256315648555756, "grad_norm": 0.026564855128526688, "lr": 2e-05, "_timestamp": 1708081010.802458, "_runtime": 248282.11103200912, "_step": 46616}