{"loss": 0.06772977113723755, "grad_norm": 0.04626518860459328, "lr": 2e-05, "_timestamp": 1708172475.8948762, "_runtime": 339747.20345020294, "_step": 63801}