{"loss": 0.9300079345703125, "grad_norm": 3.027627468109131, "lr": 8.720000000000001e-06, "_timestamp": 1708173756.300165, "_runtime": 673.8238658905029, "_step": 108}