{"loss": 0.0571187287569046, "grad_norm": 0.013340311124920845, "lr": 1.4142135623730953e-05, "_timestamp": 1707396765.0122576, "_runtime": 20533.958924531937, "_step": 1997}