{"loss": 0.05494822561740875, "grad_norm": 0.016688546165823936, "lr": 1.4142135623730953e-05, "_timestamp": 1708173743.8306804, "_runtime": 260324.41290140152, "_step": 47293}