{"loss": 0.06860712915658951, "grad_norm": 0.019963545724749565, "lr": 1.4142135623730953e-05, "_timestamp": 1708050311.9992156, "_runtime": 136892.58143663406, "_step": 24753}