{"loss": 0.06903928518295288, "grad_norm": 0.01771118864417076, "lr": 1.4142135623730953e-05, "_timestamp": 1708081010.8034098, "_runtime": 167591.38563084602, "_step": 30279}