{"loss": NaN, "grad_norm": NaN, "lr": 1.8400000000000002e-06, "_timestamp": 1707818187.6980472, "_runtime": 237.8062572479248, "_step": 22}